UserID,Password,Name,Email,PNumber
user6638,Curtis1243,손춘문,curtis@hotmail.com,010-8516-8625
user6671,Renee9977,심완천,renee@icloud.com,010-3052-5784
user4622,Jennette5836,주남장,jennette@icloud.com,010-5980-1026
user8144,Shannon5747,노지철,shannon@gmail.com,010-9035-9864
user6462,Kim8618,서경종,kim@gmail.com,010-3140-1368
user9180,Joseph2310,윤정로,joseph@gmail.com,010-2189-9325
user2345,Michael6580,임서범,michael@gmail.com,010-9413-4790
user3376,Nerissa6430,황보문노,nerissa@icloud.com,010-0195-2168
user3532,Annette3516,배덕채,annette@hotmail.com,010-2903-3412
user3585,Lawrence3033,남궁대형,lawrence@yahoo.com,010-6805-9140
user4418,James9597,남옥누,james@outlook.com,010-4901-5104
user3442,Richard1973,임로건,richard@gmail.com,010-0284-6570
user2293,Edward6685,홍춘호,edward@gmail.com,010-3481-1693
user5499,Russell5747,한재하,russell@outlook.com,010-4902-8637
user4939,Virginia7492,고애별,virginia@hotmail.com,010-8305-9632
user1940,James4364,조루정,james@gmail.com,010-3916-6583
user7712,Susan5527,노병택,susan@yahoo.com,010-6325-6145
user3382,Theresa1226,조빛종,theresa@icloud.com,010-8469-7948
user7596,Lashonda4240,서문완천,lashonda@outlook.com,010-4785-5193
user2918,Lamont6895,홍담석,lamont@outlook.com,010-2769-6295
user3820,Juan7405,안탐춘,juan@yahoo.com,010-6302-3164
user8633,Jeffrey1313,강병누,jeffrey@gmail.com,010-2694-7015
user2962,Stephen9974,남재빛,stephen@yahoo.com,010-7149-1439
user7180,Sheila9872,임아복,sheila@yahoo.com,010-7410-7148
user3345,Lettie3739,이재형,lettie@yahoo.com,010-1785-4289
user8992,Elaine6594,이경찬,elaine@icloud.com,010-6147-4573
user7007,Melissa8271,황별나,melissa@icloud.com,010-7930-0963
user4768,Betsy2808,오호래,betsy@outlook.com,010-4365-1584
user9346,Gwen4571,홍철주,gwen@hotmail.com,010-2901-8107
user8313,Barbara8142,장오준,barbara@icloud.com,010-8106-1079
user6855,Jill5317,허범애,jill@gmail.com,010-3289-5031
user3566,Eric9500,신혁탐,eric@icloud.com,010-0512-4921
user7053,Stephanie5424,선우누다,stephanie@hotmail.com,010-2540-1457
user3917,Elbert1913,조로춘,elbert@icloud.com,010-1507-0714
user5270,Ruth5978,정나상,ruth@gmail.com,010-3907-3512
user8319,Margaret6814,백루춘,margaret@outlook.com,010-3860-6187
user7175,Lane1916,서문누상,lane@hotmail.com,010-0712-6150
user2830,Michelle6669,정채별,michelle@gmail.com,010-1358-4952
user3337,Rita6488,제갈복마,rita@gmail.com,010-4017-9180
user1573,Lynette1314,권누채,lynette@outlook.com,010-5239-4012
user9469,Susana8648,최건만,susana@icloud.com,010-4672-6294
user8252,Lenore6076,독고오해,lenore@hotmail.com,010-3812-1340
user9930,Catherine5035,사공빛택,catherine@hotmail.com,010-5784-7543
user3595,Gerald7619,독고조영,gerald@gmail.com,010-1928-5473
user9222,Barbara9000,송아고,barbara@yahoo.com,010-0387-9683
user5422,Diane6112,오도나,diane@hotmail.com,010-8149-6139
user9641,Ronald7137,고혁애,ronald@hotmail.com,010-0398-3295
user2533,Ruth8037,문장누,ruth@outlook.com,010-9842-4391
user3393,Suzy7465,홍옥별,suzy@gmail.com,010-3625-7834
user9986,Raymond2489,손담상,raymond@outlook.com,010-3954-7153
user9150,Elinore1661,전옥별,elinore@yahoo.com,010-8471-1970
user6037,Norma2207,심엄오,norma@gmail.com,010-7341-8576
user6672,Jeffrey6569,백태백,jeffrey@hotmail.com,010-6390-2698
user1507,Howard2044,박도완,howard@gmail.com,010-3284-0431
user2355,James8985,노찬준,james@yahoo.com,010-8475-3178
user3719,Kathleen8705,성사산,kathleen@icloud.com,010-0835-5012
user2869,James9658,권종범,james@icloud.com,010-7250-1803
user1549,Stacie4290,신종백,stacie@yahoo.com,010-1768-3756
user6239,Guillermo7975,선우예문,guillermo@icloud.com,010-6278-8163
user9857,Joseph7920,정도완,joseph@icloud.com,010-0849-2140
user2218,Lawrence3893,백무조,lawrence@gmail.com,010-8590-2019
user3368,Sara8409,황혜강,sara@icloud.com,010-8972-7023
user6223,Thomas9808,남궁영지,thomas@hotmail.com,010-0273-7480
user1878,Julie1750,백태해,julie@icloud.com,010-3574-0673
user8753,Estelle2517,배현래,estelle@yahoo.com,010-9082-4701
user5435,Todd2449,황보노춘,todd@gmail.com,010-8692-0694
user9518,Joseph6580,조호춘,joseph@outlook.com,010-5067-1329
user1583,Christy7721,노라주,christy@yahoo.com,010-6945-4921
user6257,Christy4223,한범지,christy@gmail.com,010-3807-2834
user8623,Seth4645,제갈혜옥,seth@gmail.com,010-0634-2384
user7930,Joe3842,백대찬,joe@outlook.com,010-9527-3874
user4453,Serena5169,문아자,serena@yahoo.com,010-5819-2961
user9642,Roberta4308,한창남,roberta@hotmail.com,010-5806-2405
user6243,In5258,허요단,in@icloud.com,010-7391-5021
user1526,Thomas2140,신정호,thomas@outlook.com,010-7041-0564
user3503,Jonathan7610,조형선,jonathan@hotmail.com,010-4180-4302
user2686,Erica1135,양경덕,erica@gmail.com,010-7108-7863
user1116,Blanche8307,황보초민,blanche@outlook.com,010-1732-1508
user5757,Harry2202,주정백,harry@outlook.com,010-8697-7418
user2939,Sharla8486,남도나,sharla@outlook.com,010-6259-1758
user4515,Mary1625,서문창주,mary@icloud.com,010-4231-1095
user1873,Richard5678,김덕강,richard@hotmail.com,010-4530-4035
user1447,Robert5982,정찬건,robert@outlook.com,010-3605-4120
user7659,Laura6074,황보춘복,laura@icloud.com,010-4056-4293
user6226,Michelle9367,독고안다,michelle@icloud.com,010-0139-2708
user2666,Mabel8880,전동택,mabel@icloud.com,010-6503-4073
user6122,Janice8609,정무덕,janice@yahoo.com,010-5641-8315
user7374,Heather3044,송사주,heather@icloud.com,010-4672-3167
user5413,Amanda9232,신민혜,amanda@gmail.com,010-9721-8419
user2102,Elizabeth6861,장완도,elizabeth@yahoo.com,010-7529-3284
user9575,Terry8814,제갈루보,terry@hotmail.com,010-9634-9107
user4531,Albert7815,임강혁,albert@gmail.com,010-3504-2685
user8663,Justin3731,곽영명,justin@outlook.com,010-9316-6859
user3631,John9772,오무재,john@outlook.com,010-9283-2384
user7909,Sara7525,송오선,sara@yahoo.com,010-4397-6028
user5217,Samantha5402,윤빛옥,samantha@gmail.com,010-7513-5012
user3120,Christopher8941,사공자루,christopher@gmail.com,010-1965-1634
user8848,Margaret8261,제갈래노,margaret@icloud.com,010-1563-2691
user4888,Marilyn7005,권건전,marilyn@gmail.com,010-3968-0478
user4062,Sarah2516,한새재,sarah@outlook.com,010-9826-9736
user5289,Louis4977,안남초,louis@yahoo.com,010-6740-2354
user4784,Shawna5079,손창다,shawna@icloud.com,010-9312-2951
user3806,Ronnie9644,선우하범,ronnie@gmail.com,010-9015-1607
user5170,Annette8506,독고춘건,annette@gmail.com,010-4290-6512
user6827,Joy8469,정장형,joy@hotmail.com,010-1459-1096
user4122,Edward1650,한새탐,edward@yahoo.com,010-9471-7196
user4962,Randy6214,서담아,randy@yahoo.com,010-2397-7245
user9943,Roberto7440,류하다,roberto@gmail.com,010-2785-4879
user6014,Margaret8950,유옥지,margaret@hotmail.com,010-2153-3401
user4250,Brittany8344,성나요,brittany@hotmail.com,010-0195-4537
user1998,Claude5337,우미형,claude@icloud.com,010-2958-6015
user1810,Aaron8122,독고초명,aaron@outlook.com,010-3412-1206
user3880,Terry3243,김혁자,terry@yahoo.com,010-5237-3851
user4591,Shelia5592,윤나로,shelia@yahoo.com,010-7812-0461
user5714,Steven2677,차만종,steven@outlook.com,010-1372-3167
user4069,Steve9095,성건상,steve@hotmail.com,010-6375-2749
user6753,Kathryn3208,주현새,kathryn@outlook.com,010-8541-1052
user7629,Veronica7780,조주선,veronica@outlook.com,010-5304-9023
user6019,Kathleen8318,권병남,kathleen@gmail.com,010-2970-0583
user6561,David8082,권별아,david@hotmail.com,010-3984-9236
user8293,Jamie4664,송경마,jamie@hotmail.com,010-8107-3749
user4096,Sheila7877,서자보,sheila@outlook.com,010-9041-8249
user4626,Judy9929,임아무,judy@yahoo.com,010-4681-0423
user8580,Heather3844,심옥문,heather@yahoo.com,010-3256-7219
user6255,Charles5737,황아한,charles@icloud.com,010-1658-2614
user3438,Mallie5135,안다태,mallie@gmail.com,010-1685-1269
user9771,Johnie7407,정천하,johnie@outlook.com,010-9146-0965
user1588,Victor2898,박찬지,victor@gmail.com,010-7286-9576
user9503,Bobby8920,권장애,bobby@icloud.com,010-0274-7658
user4724,Melvin3480,문안나,melvin@hotmail.com,010-5489-7462
user9467,Tonya9908,신마아,tonya@yahoo.com,010-4361-5012
user9640,Lisa6085,남창혁,lisa@outlook.com,010-3860-2970
user4049,Junior6784,심범철,junior@hotmail.com,010-6934-1096
user4955,Audrey2555,이단민,audrey@icloud.com,010-2198-1634
user2138,Craig1268,최보전,craig@yahoo.com,010-2740-1483
user6907,Frank4195,고완철,frank@hotmail.com,010-1860-1842
user8101,Jenny7662,전예철,jenny@yahoo.com,010-3140-8401
user1945,Victoria3085,심하아,victoria@outlook.com,010-2493-0432
user5133,Francis3047,한서요,francis@gmail.com,010-8624-8314
user2893,Jose1805,차영혜,jose@gmail.com,010-5791-3268
user1855,Wanda7632,서명전,wanda@gmail.com,010-1032-7309
user9110,Carey9792,홍현명,carey@outlook.com,010-5174-2490
user1117,Joyce9462,허덕문,joyce@icloud.com,010-4583-3247
user6934,Steve2778,조노나,steve@icloud.com,010-7614-4718
user7780,Dorthy2701,남궁춘경,dorthy@outlook.com,010-7382-7359
user3974,Harry7553,송빛새,harry@gmail.com,010-7205-6540
user8134,Clarence6462,정정춘,clarence@hotmail.com,010-5984-8547
user9235,Jennifer5084,우명안,jennifer@gmail.com,010-6378-2510
user7200,Richard9943,제갈담하,richard@yahoo.com,010-9837-6315
user5748,Earnest9798,박종초,earnest@hotmail.com,010-3682-9387
user3431,Jonathan5118,우관경,jonathan@yahoo.com,010-5897-6724
user1167,Amber2052,양하관,amber@yahoo.com,010-0286-0167
user6241,Milton1247,손치마,milton@outlook.com,010-3407-8547
user4170,Alice4437,사공상장,alice@gmail.com,010-3869-0456
user3901,Kathleen6075,전엄철,kathleen@hotmail.com,010-1342-0263
user5048,Rebecca5102,노도치,rebecca@gmail.com,010-4230-1826
user8118,Nick5257,강재민,nick@icloud.com,010-7018-7381
user8719,Erin7345,안미도,erin@icloud.com,010-6931-6148
user3759,Willie4799,박혜새,willie@gmail.com,010-3789-7820
user4701,Joana2589,유조채,joana@gmail.com,010-2347-3698
user4711,Steven7577,허복태,steven@yahoo.com,010-3245-6903
user4912,Bonnie9059,신찬백,bonnie@icloud.com,010-2368-4759
user2124,Betty2990,손현남,betty@icloud.com,010-7132-0316
user7627,Sharen1158,하무범,sharen@gmail.com,010-8021-1957
user1498,John6101,남관루,john@hotmail.com,010-9587-8420
user4821,Ella6079,사공장탐,ella@gmail.com,010-7523-9863
user1098,Fred7128,박예치,fred@yahoo.com,010-0815-4930
user1980,Emma4023,신범남,emma@icloud.com,010-1295-7814
user2201,Holly6175,박래빛,holly@yahoo.com,010-2791-4123
user1458,Ray7277,안빛하,ray@yahoo.com,010-1703-5638
user6814,Lavinia4181,장상초,lavinia@gmail.com,010-6057-1493
user5619,Debra7277,심태로,debra@outlook.com,010-4297-0985
user6562,Timothy6965,장만백,timothy@hotmail.com,010-6230-2836
user6310,Camille7799,권애덕,camille@outlook.com,010-1286-9384
user3319,Vern8715,주엄루,vern@gmail.com,010-2649-4196
user8325,Andrew4974,이로담,andrew@outlook.com,010-5701-2371
user9471,John1462,오영혁,john@icloud.com,010-3709-5819
user1897,Jason7293,우재정,jason@gmail.com,010-8539-9712
user6876,Frank1388,유선예,frank@gmail.com,010-2741-6413
user3266,Kenneth9725,서문철선,kenneth@icloud.com,010-8376-4017
user9463,Maria6711,손주형,maria@hotmail.com,010-2708-3495
user4773,Leona3890,김종엄,leona@yahoo.com,010-8273-7280
user8082,Carl2647,신준엄,carl@gmail.com,010-4926-5968
user9714,April6889,임새노,april@yahoo.com,010-4609-2806
user8109,Stephen1583,조누천,stephen@gmail.com,010-4709-4356
user8519,Lydia2991,조채누,lydia@gmail.com,010-5609-2968
user5662,Douglas9367,노영덕,douglas@outlook.com,010-4806-5438
user9363,Elizabeth4403,성래하,elizabeth@outlook.com,010-1659-5627
user7523,Randall2406,임사석,randall@outlook.com,010-6502-4895
user6104,Pa1169,독고혜빛,pa@icloud.com,010-3065-1805
user8143,Ben8534,유상백,ben@gmail.com,010-9203-8726
user7647,Francisco7257,양보하,francisco@hotmail.com,010-8410-0381
user6766,Mildred2779,남하종,mildred@yahoo.com,010-3678-8361
user2492,Cathy6630,최라산,cathy@gmail.com,010-6053-9623
user2120,Walter5330,백한별,walter@gmail.com,010-9250-0273
user7774,Bertha7338,손건완,bertha@hotmail.com,010-7193-7810
user5982,Charles9504,주천완,charles@yahoo.com,010-6794-5271
user4478,Patrick8035,제갈태오,patrick@hotmail.com,010-8357-2647
user2480,Jenny6943,유현준,jenny@hotmail.com,010-1024-4913
user5303,Eva5426,오자옥,eva@hotmail.com,010-1796-2657
user2544,Donald7655,배안새,donald@hotmail.com,010-7106-2637
user5534,Francisco6727,심다재,francisco@icloud.com,010-7391-7193
user8930,Tommy8796,문대엄,tommy@yahoo.com,010-5814-0483
user5567,Adrian7956,심예한,adrian@gmail.com,010-3052-5019
user3145,Bobbie9717,정상오,bobbie@gmail.com,010-0245-0871
user1022,Annamarie5363,서정옥,annamarie@hotmail.com,010-2817-4935
user8489,Jeremy6538,제갈서초,jeremy@gmail.com,010-0951-3402
user8700,Glenda9194,주선창,glenda@icloud.com,010-9076-0145
user1091,Audrey3993,장대종,audrey@outlook.com,010-7584-6143
user8063,Sherron6722,김선태,sherron@outlook.com,010-1479-6157
user1467,Deborah2668,제갈춘찬,deborah@yahoo.com,010-5817-8473
user4005,Gary1365,이태재,gary@hotmail.com,010-3596-5129
user6655,Esther5342,노호정,esther@icloud.com,010-3162-5460
user2933,Jo7736,배서루,jo@yahoo.com,010-9046-4587
user6384,Marie6886,황보예태,marie@hotmail.com,010-8934-0296
user8473,David9268,제갈상안,david@outlook.com,010-7431-4268
user5536,Mark9477,정호무,mark@hotmail.com,010-4165-3574
user6830,Nancy7507,남래석,nancy@outlook.com,010-4925-0647
user7945,Malena1590,전별고,malena@yahoo.com,010-5162-8790
user8368,Don4557,정고천,don@yahoo.com,010-2047-5619
user9759,Roy2401,하아보,roy@hotmail.com,010-1706-0938
user6167,Wilton6738,주대강,wilton@outlook.com,010-3469-5913
user7188,Frances1702,황보엄누,frances@outlook.com,010-7059-1243
user6712,Nicholas7104,양호복,nicholas@icloud.com,010-8654-2579
user4643,Ashli7192,강태석,ashli@outlook.com,010-7425-0142
user3908,Clifford6372,제갈지복,clifford@hotmail.com,010-5681-4961
user9325,Patricia6951,서문동애,patricia@hotmail.com,010-3819-5716
user6335,Sabrina6166,노동아,sabrina@gmail.com,010-3247-0458
user9357,Helen8911,유형나,helen@gmail.com,010-0294-5216
user3596,Heather3063,하호준,heather@hotmail.com,010-8210-1986
user4526,Inell1305,고루경,inell@icloud.com,010-3172-1529
user6699,Harriett5448,황보선경,harriett@icloud.com,010-2375-0482
user8934,Rickey7081,박요호,rickey@gmail.com,010-9610-6817
user2703,Ray5763,조상래,ray@gmail.com,010-6759-2853
user4809,Deborah4401,정산남,deborah@icloud.com,010-6840-3847
user5959,Aron8685,강하찬,aron@gmail.com,010-5930-6320
user3279,Earl2482,류현빛,earl@gmail.com,010-9416-6379
user1875,Gregory9169,박별서,gregory@gmail.com,010-8702-5027
user4120,Christopher4616,이석영,christopher@icloud.com,010-1752-3805
user4861,Michael9149,강고애,michael@hotmail.com,010-3570-6948
user8237,Alfred2753,권장천,alfred@gmail.com,010-6520-1946
user4921,Vickie7251,주문남,vickie@hotmail.com,010-3276-6075
user3200,Joe1213,임채탐,joe@yahoo.com,010-8479-2493
user9504,Louis9313,고덕새,louis@icloud.com,010-7053-6037
user2214,Joann6924,성마장,joann@outlook.com,010-1937-7968
user7912,Johnny6222,허준단,johnny@gmail.com,010-8452-2563
user3244,Elisa9747,제갈빛재,elisa@outlook.com,010-0861-7625
user8888,Julia7949,황보래상,julia@gmail.com,010-5612-0573
user1399,Mary4012,강대찬,mary@outlook.com,010-1674-4932
user2904,Eva5948,유래건,eva@outlook.com,010-7134-8795
user8581,Phyllis3088,제갈래채,phyllis@icloud.com,010-4162-4850
user6351,William3732,서문범로,william@outlook.com,010-0341-3928
user2615,Linsey3385,배재예,linsey@gmail.com,010-5087-8396
user9261,Ina9737,홍무애,ina@hotmail.com,010-6837-0837
user2384,Benjamin2337,선우도병,benjamin@icloud.com,010-0648-7982
user9005,Andrew5669,제갈마천,andrew@icloud.com,010-8240-3821
user2200,Dolly3491,곽복도,dolly@icloud.com,010-3685-2108
user6906,Gerald4622,양병누,gerald@icloud.com,010-7906-1962
user2580,Victoria9965,우단정,victoria@icloud.com,010-3871-9683
user3867,Marissa6097,류사엄,marissa@outlook.com,010-8340-7426
user5607,Pamela9228,남궁혜오,pamela@hotmail.com,010-5238-7862
user9723,Robert9783,안애강,robert@icloud.com,010-7649-5712
user9458,Charles1940,서현명,charles@gmail.com,010-3925-8726
user2257,Misty4708,남궁찬재,misty@yahoo.com,010-8512-1943
user2494,Paul4211,남궁마조,paul@gmail.com,010-1639-1276
user3988,Wendie9833,우조만,wendie@hotmail.com,010-3172-7936
user4893,Felisa4879,장백라,felisa@gmail.com,010-3609-7498
user8576,Ann3540,노로종,ann@hotmail.com,010-6942-0792
user4765,Shirley7979,허단탐,shirley@gmail.com,010-3710-3918
user3737,Dennis5756,김대고,dennis@hotmail.com,010-6071-7598
user1079,Sandra4274,김나형,sandra@icloud.com,010-8053-3094
user6551,Helen2013,심로옥,helen@hotmail.com,010-1263-5192
user9802,Marjorie5139,사공완해,marjorie@outlook.com,010-0694-3620
user2050,Roy3249,권도담,roy@outlook.com,010-0259-4527
user1156,Pauline5889,선우미장,pauline@yahoo.com,010-0278-6219
user8129,John7188,황새하,john@yahoo.com,010-9104-1564
user7970,Steven8505,홍현종,steven@gmail.com,010-4983-4281
user3392,Delfina1396,한새사,delfina@outlook.com,010-1560-6890
user5540,Marion8789,유무루,marion@gmail.com,010-0827-8743
user6901,Chester4182,조초빛,chester@gmail.com,010-2418-5047
user3878,Arthur7722,심건강,arthur@hotmail.com,010-0897-5890
user2892,Letha4516,제갈강창,letha@icloud.com,010-7318-6982
user1273,Joyce9421,남래종,joyce@outlook.com,010-1452-1503
user5447,Bessie6470,신상단,bessie@icloud.com,010-0936-9407
user4012,Anthony2565,송종혜,anthony@hotmail.com,010-4753-9813
user6992,Larry3564,임담혁,larry@icloud.com,010-4917-1058
user9266,Benjamin9120,유명장,benjamin@outlook.com,010-0359-4673
user8561,Amy9999,권애주,amy@gmail.com,010-0619-6754
user4752,Fred9008,한하관,fred@gmail.com,010-4508-0165
user3068,Brandon3786,윤태문,brandon@hotmail.com,010-6579-7358
user3855,Marvin5615,사공문종,marvin@hotmail.com,010-6408-0139
user6773,Lisa3050,심건전,lisa@gmail.com,010-0728-6540
user2207,Scott3320,주단선,scott@hotmail.com,010-4213-5942
user8669,Sheri4084,정선미,sheri@hotmail.com,010-3925-2836
user7690,Kathy8072,양옥상,kathy@hotmail.com,010-2875-4328
user1921,Helen1457,송철엄,helen@outlook.com,010-2860-7435
user7975,Edith5598,조아병,edith@gmail.com,010-0513-7562
user9672,Danny1779,류천새,danny@yahoo.com,010-7126-6419
user6927,Jeanette5881,정동다,jeanette@outlook.com,010-1729-0519
user6232,Andrew7944,곽엄주,andrew@yahoo.com,010-1620-8490
user2527,Joy6718,강다완,joy@gmail.com,010-3047-0685
user9378,Gloria4477,권창예,gloria@outlook.com,010-3487-5307
user2836,Scott2701,장복덕,scott@yahoo.com,010-3159-2547
user3084,Kayla5894,문태엄,kayla@yahoo.com,010-6137-9106
user1216,Teresa8570,성탐호,teresa@icloud.com,010-2407-6703
user1314,Carri2373,차루고,carri@gmail.com,010-1639-2678
user8193,Jeffery9187,오정도,jeffery@yahoo.com,010-3416-3975
user3598,Mary5440,류종천,mary@gmail.com,010-0734-5374
user2014,Dorothy3868,정문병,dorothy@gmail.com,010-4759-6348
user8795,Richard9036,황명보,richard@icloud.com,010-5704-7358
user6527,Debra8074,강강민,debra@hotmail.com,010-0985-5312
user8396,Patricia1962,하한고,patricia@icloud.com,010-4317-5706
user4920,Virginia3382,홍병래,virginia@outlook.com,010-5089-8036
user6563,Lisa2214,성철조,lisa@icloud.com,010-1607-7643
user8829,Bernadette4999,전철장,bernadette@gmail.com,010-0165-9807
user7289,Conrad1462,류미오,conrad@hotmail.com,010-6391-7529
user5473,Anne3182,조강채,anne@yahoo.com,010-1856-7985
user7545,Kirk8197,성래태,kirk@icloud.com,010-6279-9351
user2572,Harry5658,남궁치백,harry@hotmail.com,010-5634-4357
user2459,Donna4636,제갈하한,donna@outlook.com,010-0435-5607
user4739,Irene4521,강동한,irene@hotmail.com,010-5630-0842
user3484,Anne2489,권자정,anne@hotmail.com,010-3168-8329
user5695,Tommy6652,조담초,tommy@icloud.com,010-5608-1923
user2970,Suzanne3446,독고전강,suzanne@hotmail.com,010-3584-0748
user8190,Rick3650,남영요,rick@icloud.com,010-7326-2975
user6316,Michael8542,백별강,michael@icloud.com,010-5216-1683
user2594,Gemma6671,류형전,gemma@icloud.com,010-4729-3026
user9121,Mark5513,김도만,mark@outlook.com,010-3241-7429
user9116,Nicholas6037,심재조,nicholas@outlook.com,010-5368-0541
user7204,Kevin8522,남강남,kevin@yahoo.com,010-7506-4789
user8242,Erik7234,박노오,erik@icloud.com,010-5160-2640
user5734,Eric5210,배래대,eric@yahoo.com,010-0548-1935
user4016,Edward2139,우경요,edward@icloud.com,010-9285-0476
user6675,Rudy3029,한치고,rudy@yahoo.com,010-2975-9604
user6258,Andrew6567,양도다,andrew@gmail.com,010-5963-5342
user5162,Vera5075,하누영,vera@yahoo.com,010-3679-4865
user7249,Betty5949,주해나,betty@yahoo.com,010-0235-0615
user6103,Emily5776,남궁로전,emily@icloud.com,010-0796-4701
user7073,Michael1073,황하천,michael@yahoo.com,010-0243-6748
user5681,Bernard7214,제갈요현,bernard@gmail.com,010-3907-9021
user4636,Anita4894,김다치,anita@gmail.com,010-8247-6538
user3817,Daniel5632,서문애로,daniel@outlook.com,010-3078-1589
user9724,Diane9782,송마누,diane@gmail.com,010-9684-1438
user1480,Darrell1452,양마다,darrell@outlook.com,010-7906-0562
user1415,Jerry5521,선우혁강,jerry@yahoo.com,010-7981-5286
user8614,Blossom6493,한초백,blossom@gmail.com,010-6487-1372
user1129,Carl8225,서문택치,carl@outlook.com,010-7438-9435
user9969,Jami7806,사공해형,jami@hotmail.com,010-5349-4712
user3423,Marlene4023,선우민명,marlene@yahoo.com,010-3807-1689
user8963,Ralph6120,고민나,ralph@gmail.com,010-5064-5894
user2695,Tammy6184,남복채,tammy@yahoo.com,010-3480-1609
user4988,Douglas4532,이병미,douglas@gmail.com,010-5870-8690
user8483,Donald9028,서문요천,donald@outlook.com,010-2384-8643
user4931,Louis9837,사공병철,louis@gmail.com,010-8432-2518
user4545,William4388,오강백,william@yahoo.com,010-6041-2635
user2693,Tyson5311,하동자,tyson@hotmail.com,010-5321-1045
user1743,Kristen1844,윤고범,kristen@yahoo.com,010-5417-6987
user1206,Victoria4835,권창별,victoria@hotmail.com,010-5312-7562
user2805,Curt2148,심현경,curt@outlook.com,010-5194-8015
user5878,Jeff8045,하태주,jeff@outlook.com,010-5741-5230
user1266,Wendy3279,박장라,wendy@gmail.com,010-9058-6278
user7740,Mathew2535,오병혜,mathew@icloud.com,010-8613-5842
user2392,Josephine4397,조치아,josephine@icloud.com,010-1350-3428
user1112,Suzanne1928,사공춘종,suzanne@icloud.com,010-8239-7210
user3858,Tina4812,장한무,tina@hotmail.com,010-0127-3092
user2034,Dwayne7594,김재복,dwayne@icloud.com,010-7290-9631
user3564,Martha6419,서문지다,martha@yahoo.com,010-3480-6891
user1920,Bryan2819,곽남단,bryan@hotmail.com,010-5309-8569
user7873,Ernest9246,황보종산,ernest@gmail.com,010-0482-2347
user7907,Roger1314,배치문,roger@outlook.com,010-6392-8079
user6762,Karen9507,배서백,karen@outlook.com,010-5104-7532
user5373,Alma9637,황보동만,alma@hotmail.com,010-4837-0591
user3310,Robert5638,류재사,robert@gmail.com,010-1438-4580
user1930,Lynn1073,정관혜,lynn@outlook.com,010-1806-9816
user4778,Janet5094,장래예,janet@outlook.com,010-9647-8219
user5616,Nena4591,남서영,nena@hotmail.com,010-1602-7921
user1651,Leslie3720,선우병누,leslie@icloud.com,010-3768-6425
user1057,Leah1667,이종사,leah@gmail.com,010-4796-1092
user8192,Loyd6745,서채석,loyd@hotmail.com,010-8564-8914
user4583,Adriana1642,권아마,adriana@outlook.com,010-7569-1089
user7501,Miriam3713,주강장,miriam@yahoo.com,010-8526-8415
user3812,Lena3532,윤천요,lena@yahoo.com,010-5493-7820
user3568,Adolph5739,선우완정,adolph@hotmail.com,010-9284-7940
user3868,Marlyn2845,안남단,marlyn@hotmail.com,010-3298-4276
user1354,Dustin6883,문한래,dustin@outlook.com,010-8476-7206
user9012,Nancy2373,남애산,nancy@gmail.com,010-8591-7368
user8496,Eric2621,우혁명,eric@outlook.com,010-4872-5917
user9743,Julie9125,남동장,julie@yahoo.com,010-3790-1625
user7273,Jason8651,서문선다,jason@hotmail.com,010-2839-9823
user3316,Jean7247,홍경남,jean@gmail.com,010-7561-7219
user1308,Leslie6935,우강대,leslie@gmail.com,010-6873-5173
user2154,Rex1021,남무지,rex@hotmail.com,010-4682-5416
user6433,Kevin6542,송백전,kevin@gmail.com,010-0843-8439
user7243,Daniel9443,전초하,daniel@yahoo.com,010-0784-9648
user9837,Lawrence5481,백강애,lawrence@outlook.com,010-8214-1043
user3229,Garry2585,최탐고,garry@outlook.com,010-8397-8795
user1655,Ming5738,조라준,ming@gmail.com,010-2718-3987
user3418,Jennifer6444,임석오,jennifer@outlook.com,010-3615-3028
user2179,Barbara2562,서빛예,barbara@outlook.com,010-2863-6418
user3835,Randy2982,유관석,randy@hotmail.com,010-3820-1496
user1896,Brent4735,유대예,brent@icloud.com,010-4508-1058
user3055,Clifford3050,하누노,clifford@outlook.com,010-5439-8307
user3115,Joseph5777,노산지,joseph@yahoo.com,010-0589-7089
user5987,Brett2174,조예민,brett@yahoo.com,010-8726-1980
user4408,Joshua3993,서문담다,joshua@outlook.com,010-9046-6091
user7884,Jennifer3289,남완누,jennifer@icloud.com,010-0857-7018
user5972,Robert8751,남궁현안,robert@hotmail.com,010-2731-2384
user1327,Jacob5800,차문옥,jacob@icloud.com,010-9860-3578
user8375,Mark5085,신무하,mark@icloud.com,010-4892-9258
user5943,Bobby4559,윤민노,bobby@yahoo.com,010-2380-2458
user1610,Cindy1289,제갈탐만,cindy@icloud.com,010-3589-8407
user2826,Carol3445,유건석,carol@gmail.com,010-1480-8056
user9980,Cheryl2178,윤건장,cheryl@icloud.com,010-6430-4629
user8401,Bridget5474,백마루,bridget@hotmail.com,010-3841-7894
user7524,Greg9804,황채강,greg@hotmail.com,010-2518-0319
user9161,William2548,박다고,william@gmail.com,010-4356-1024
user7410,Katie9024,고한별,katie@outlook.com,010-9470-7109
user9496,Hector3598,김노보,hector@icloud.com,010-4527-2543
user8520,Johnny5020,허상형,johnny@yahoo.com,010-6045-9182
user4108,Jill9688,김산엄,jill@yahoo.com,010-9163-5871
user9127,Gregory8758,윤호민,gregory@hotmail.com,010-1743-0761
user7213,Kenneth3284,차루민,kenneth@hotmail.com,010-1532-4837
user6110,Erin9528,서문철혁,erin@yahoo.com,010-1406-0314
user7169,Kathy7319,임로요,kathy@outlook.com,010-5087-7168
user2087,Tami4145,정엄병,tami@outlook.com,010-0712-1402
user7972,Frankie5013,유민애,frankie@gmail.com,010-1028-9408
user5842,Clayton3578,주창선,clayton@yahoo.com,010-1304-2730
user5914,Ashley2740,박빛루,ashley@icloud.com,010-6534-3275
user6029,Amanda6933,남만서,amanda@hotmail.com,010-3078-1564
user8156,Addie4660,임산초,addie@yahoo.com,010-8125-1426
user9953,Jacqueline6014,송빛채,jacqueline@gmail.com,010-5431-4537
user8518,Rufus6801,류백나,rufus@icloud.com,010-6207-8760
user2610,Malinda1746,양오초,malinda@outlook.com,010-2850-0542
user9359,Jeremiah6405,남탐단,jeremiah@icloud.com,010-7013-7634
user7674,Lucille5351,성동영,lucille@yahoo.com,010-5813-5091
user7163,Amy4922,우장문,amy@hotmail.com,010-6180-6129
user5418,Helen9563,권천찬,helen@yahoo.com,010-2645-2068
user6812,Terry1325,양새건,terry@gmail.com,010-0475-7912
user3593,Rosalie5259,권춘천,rosalie@outlook.com,010-7038-7281
user5983,Markita4381,강천초,markita@outlook.com,010-5486-6289
user2702,Janet4771,성로호,janet@yahoo.com,010-7184-4378
user2633,Rob6806,전천덕,rob@gmail.com,010-8219-4028
user3184,Sidney9821,장노남,sidney@gmail.com,010-0983-2845
user4514,Marjorie5593,조채산,marjorie@hotmail.com,010-2365-4879
user7082,Stephanie2279,류민무,stephanie@gmail.com,010-1765-6123
user8333,Esther2544,정완철,esther@gmail.com,010-1568-2871
user3523,Thomas9545,임요지,thomas@yahoo.com,010-2873-9634
user9696,Rosaria1469,심나호,rosaria@gmail.com,010-0148-8596
user3240,Anna6219,손석채,anna@gmail.com,010-6587-7201
user2215,Leland4932,독고마석,leland@icloud.com,010-5620-5647
user7326,Anthony4804,사공영노,anthony@icloud.com,010-0691-0483
user3323,Melinda4816,임백현,melinda@hotmail.com,010-7208-0531
user6253,Gertrude2353,박자주,gertrude@outlook.com,010-0964-5738
user9003,Cassie4391,권호서,cassie@outlook.com,010-6439-1902
user2799,Ron7561,조준자,ron@outlook.com,010-9843-3190
user9649,Dalene8257,성안건,dalene@yahoo.com,010-9873-3705
user2351,Margaret4884,선우형만,margaret@gmail.com,010-6932-4136
user6969,George8667,남혜서,george@hotmail.com,010-6749-8074
user6598,Tiffani9382,한창복,tiffani@outlook.com,010-6452-2458
user1291,Ashley9517,전범자,ashley@outlook.com,010-1803-8610
user7442,Joe7170,곽치천,joe@icloud.com,010-5370-6238
user4703,Kyle5487,장호현,kyle@outlook.com,010-9314-8970
user2886,Mitchell4012,서엄래,mitchell@gmail.com,010-1238-2143
user1901,Margaret3202,고석복,margaret@yahoo.com,010-8094-9145
user3907,Georgia1658,우한새,georgia@icloud.com,010-7814-3928
user6805,Matthew2945,류누병,matthew@gmail.com,010-8934-7432
user5669,Whitney9353,이아탐,whitney@hotmail.com,010-3982-9106
user3401,Kelvin1778,정안미,kelvin@icloud.com,010-5718-6185
user5760,Katherine1448,서덕다,katherine@yahoo.com,010-0258-8234
user6825,Sean8241,박경천,sean@hotmail.com,010-5869-6183
user8103,Marisol7358,전해조,marisol@icloud.com,010-9308-2368
user4112,Blanche4725,김애대,blanche@gmail.com,010-8249-1794
user9277,Maxine7888,강범하,maxine@outlook.com,010-1982-4620
user8047,George4094,윤천관,george@gmail.com,010-3974-0587
user3522,Lida7885,최산미,lida@icloud.com,010-2169-1685
user3090,Clark7623,이다민,clark@gmail.com,010-1657-1052
user5696,William1546,장하조,william@hotmail.com,010-6754-2730
user9633,Paige7102,제갈장누,paige@icloud.com,010-3214-6508
user9665,Denis8017,조택해,denis@gmail.com,010-2974-2096
user9418,Geraldine3141,성고병,geraldine@gmail.com,010-7863-1907
user5208,Michele5640,주예요,michele@gmail.com,010-8761-3745
user2883,Gregory5651,황치무,gregory@outlook.com,010-3749-4596
user1130,Willard8628,선우선장,willard@hotmail.com,010-7213-3496
user5110,Philip7265,윤예만,philip@gmail.com,010-1437-1496
user3600,Alison1424,이하나,alison@yahoo.com,010-2145-8143
user1249,Ronald1056,송자종,ronald@icloud.com,010-5791-4532
user1032,David2635,고산단,david@icloud.com,010-8617-8721
user7902,Robert9257,성영건,robert@yahoo.com,010-0461-7540
user2971,Suzanne6406,남궁덕강,suzanne@outlook.com,010-8425-2470
user2482,Gwendolyn3066,유엄완,gwendolyn@icloud.com,010-5761-0932
user5150,Patience5144,우찬엄,patience@icloud.com,010-9512-3478
user9109,Jewel2664,오혁안,jewel@outlook.com,010-8417-8169
user6571,Russell7768,선우태마,russell@gmail.com,010-2168-8072
user8868,Donna7810,고안요,donna@yahoo.com,010-3650-8297
user9112,David1488,성범태,david@gmail.com,010-3701-8963
user6413,Hazel5751,손재건,hazel@yahoo.com,010-7410-3067
user2468,Natalie9942,황혜장,natalie@outlook.com,010-4978-3792
user4262,Elia2963,신래범,elia@icloud.com,010-2835-4358
user3340,Eva5483,백재단,eva@icloud.com,010-7938-3975
user7557,Beth6000,손단남,beth@outlook.com,010-3426-1053
user8852,Grace5800,제갈다로,grace@icloud.com,010-1248-9430
user5013,Scott6332,하다주,scott@gmail.com,010-3894-9480
user5053,Avery7788,류백오,avery@gmail.com,010-5134-2714
user7101,Tracey2161,우강철,tracey@yahoo.com,010-0524-4915
user3948,Ronald4568,노혜종,ronald@gmail.com,010-8342-1847
user6784,Fern1730,홍현철,fern@outlook.com,010-8756-5127
user5564,Marcia4930,백한태,marcia@icloud.com,010-0943-0436
user3746,Dayna7602,윤안사,dayna@icloud.com,010-8561-4965
user4569,Leo7735,주재미,leo@hotmail.com,010-3057-0798
user1061,Jerry6372,우민복,jerry@gmail.com,010-3497-0985
user8599,Mario8569,전고나,mario@hotmail.com,010-6189-7928
user5308,Paul8318,임백담,paul@icloud.com,010-2431-5408
user9715,Buddy5394,서치요,buddy@icloud.com,010-0546-7348
user6778,Sharon1788,백영명,sharon@outlook.com,010-3609-2698
user1909,Sarah8697,박창예,sarah@gmail.com,010-5497-1025
user8199,Cindy2200,사공백하,cindy@outlook.com,010-0521-8540
user1903,Barbara1954,남궁지탐,barbara@hotmail.com,010-5891-3904
user7998,Anita2306,류영동,anita@icloud.com,010-5937-6013
user5131,Ryan2358,배동영,ryan@icloud.com,010-0936-5648
user6984,Diana3397,류전창,diana@gmail.com,010-4807-7185
user9220,Timothy8873,황보호오,timothy@outlook.com,010-3028-4625
user3525,Kara5757,전조옥,kara@gmail.com,010-2065-8619
user3421,Dale9399,남궁동로,dale@yahoo.com,010-4673-0658
user8277,Jonathan4993,남애장,jonathan@outlook.com,010-1396-8327
user3683,Karl7898,장보형,karl@hotmail.com,010-6798-1206
user5732,Katherine6233,남궁오복,katherine@gmail.com,010-6854-2189
user4201,August5173,윤복별,august@icloud.com,010-5469-2601
user7695,Cherri6605,최장전,cherri@icloud.com,010-4359-4397
user9566,Sean6588,백전담,sean@outlook.com,010-5842-7926
user7874,Rena2289,배한선,rena@yahoo.com,010-2783-5624
user1345,Nia3292,신태철,nia@hotmail.com,010-0826-8607
user4632,Joseph2473,심춘다,joseph@hotmail.com,010-8927-6834
user6674,Judith7782,사공건다,judith@hotmail.com,010-1709-8174
user5627,Krystal3267,하나천,krystal@gmail.com,010-2659-6154
user4360,Megan3127,차선완,megan@yahoo.com,010-3942-5728
user1621,Pat2510,조라복,pat@icloud.com,010-8930-1862
user9479,Edwin9765,독고래채,edwin@outlook.com,010-9420-6753
user1523,Sean5230,제갈나완,sean@yahoo.com,010-4978-7651
user5188,Judi8211,전강종,judi@yahoo.com,010-5846-9574
user7495,Alexander4770,주요예,alexander@icloud.com,010-4920-6319
user2274,Lourdes1650,홍전문,lourdes@yahoo.com,010-5903-0359
user4886,Karen7273,류미정,karen@icloud.com,010-8352-4097
user3111,Maureen8287,주민찬,maureen@icloud.com,010-8914-8173
user5395,Chris1432,송장예,chris@gmail.com,010-8609-9253
user4191,Arthur7351,박경병,arthur@outlook.com,010-4307-6920
user2439,Carolina5084,차안완,carolina@icloud.com,010-8954-0267
user7532,Teresa3783,주영덕,teresa@yahoo.com,010-9265-1407
user4690,Howard3430,곽명무,howard@hotmail.com,010-5067-3402
user7587,Garland7645,최단종,garland@gmail.com,010-8146-6805
user8632,Margarita1323,양탐복,margarita@yahoo.com,010-6320-9837
user4008,James3538,송산옥,james@hotmail.com,010-5438-7160
user9990,Michael5909,하채노,michael@outlook.com,010-7584-0547
user8995,Mark4594,안미병,mark@gmail.com,010-9138-5186
user8955,Shirley4326,손범현,shirley@icloud.com,010-8402-0243
user7713,Mark3775,안아호,mark@yahoo.com,010-8190-6984
user4904,Beulah3177,노마영,beulah@gmail.com,010-0941-3594
user7703,Donald8401,심백아,donald@gmail.com,010-6749-8253
user6027,Kathryn8175,홍덕복,kathryn@yahoo.com,010-5439-3428
user3894,Cassandra7292,박산로,cassandra@hotmail.com,010-1867-7365
user5752,David1404,독고정춘,david@yahoo.com,010-2349-5716
user5173,Louise6929,양대전,louise@hotmail.com,010-4739-5063
user4331,Angel5646,최초옥,angel@hotmail.com,010-4831-1460
user9400,Agatha5312,윤산덕,agatha@hotmail.com,010-0249-2319
user7207,Carrie7377,신찬전,carrie@outlook.com,010-9578-3782
user7560,Tiffany9402,윤마재,tiffany@gmail.com,010-9306-5742
user1925,Chad4717,조남채,chad@yahoo.com,010-9580-6902
user6412,Pamela2439,차병경,pamela@yahoo.com,010-0834-9348
user7331,Scott7387,주천복,scott@icloud.com,010-9143-3457
user6339,Ron6366,오누관,ron@gmail.com,010-9673-0318
user7165,Jonathan8814,최천찬,jonathan@gmail.com,010-4603-5498
user7238,Wayne2625,오상민,wayne@outlook.com,010-4798-4351
user9210,Dennis2831,박민해,dennis@outlook.com,010-1592-1935
user2282,Joshua8222,차완범,joshua@icloud.com,010-0198-9148
user9819,Kenneth5140,남요산,kenneth@yahoo.com,010-3647-1728
user3775,Jeffrey4012,박애대,jeffrey@yahoo.com,010-1329-6812
user5788,Laurence8651,정치보,laurence@hotmail.com,010-8275-9875
user9311,Linda4408,심노대,linda@outlook.com,010-4216-5470
user7530,Brian1132,배조한,brian@icloud.com,010-3791-6327
user8448,Eldon7495,고라복,eldon@gmail.com,010-6215-8312
user7339,Matthew1870,조아옥,matthew@hotmail.com,010-6103-7516
user5816,Kristina6962,서주춘,kristina@hotmail.com,010-8179-6802
user5061,William8709,장병루,william@icloud.com,010-9438-1873
user2151,Jerome7662,주대경,jerome@gmail.com,010-4213-5720
user5648,Vicki4872,독고전한,vicki@hotmail.com,010-3802-5806
user6279,Marilyn8296,남궁별자,marilyn@outlook.com,010-9651-1670
user8767,Dorothy5482,고별창,dorothy@hotmail.com,010-2318-6720
user9828,Yong7172,조보호,yong@icloud.com,010-2908-0518
user3818,Arlene4924,임오조,arlene@yahoo.com,010-6894-8746
user6601,Mirian8344,임찬요,mirian@yahoo.com,010-2341-7582
user5903,Hazel7174,정산택,hazel@gmail.com,010-5941-4083
user3826,Tina5967,양고별,tina@yahoo.com,010-8930-0576
user5604,Christine7220,전경아,christine@yahoo.com,010-0823-8239
user5371,Larry3944,송경동,larry@hotmail.com,010-0928-5069
user6957,Kelli6502,독고치단,kelli@yahoo.com,010-9280-7530
user1936,Terry5136,이노백,terry@icloud.com,010-5960-7401
user2828,Anne7863,성나춘,anne@gmail.com,010-1794-0926
user5918,Veronica1898,제갈자정,veronica@gmail.com,010-2531-6180
user6347,Carolyn3661,강문경,carolyn@icloud.com,010-8590-4869
user8640,Yolanda6810,배정상,yolanda@outlook.com,010-8372-7964
user4578,Charlie7232,서정루,charlie@gmail.com,010-0934-9306
user9364,Kathy6144,서지완,kathy@icloud.com,010-9203-1953
user4063,Isela9949,한한안,isela@yahoo.com,010-4138-6932
user1409,Brandon2474,전백건,brandon@gmail.com,010-9671-8940
user9420,Candy5184,주전치,candy@gmail.com,010-3598-5283
user8920,Amber9634,곽백현,amber@gmail.com,010-9314-0614
user2333,Roger8480,권누복,roger@yahoo.com,010-7192-2650
user4510,June3158,하백라,june@hotmail.com,010-9635-1042
user7575,Daniel3493,홍자채,daniel@gmail.com,010-7854-3617
user6391,Richard9915,정춘재,richard@outlook.com,010-4192-0897
user2741,Kyle6081,고보정,kyle@gmail.com,010-2375-4078
user7354,Christina2405,선우나동,christina@icloud.com,010-5637-5728
user8572,Arthur3223,서문상조,arthur@gmail.com,010-6830-4629
user7748,Jessica2336,백한선,jessica@hotmail.com,010-0814-1549
user8288,Florence7656,제갈호종,florence@gmail.com,010-0154-4789
user7832,Bernard9763,김초천,bernard@hotmail.com,010-0674-4513
user6524,April8488,장재강,april@hotmail.com,010-4760-7651
user6902,Justin8021,장복루,justin@icloud.com,010-0253-3896
user3609,Albert3614,사공혁재,albert@hotmail.com,010-6853-7812
user7335,Kimberly6758,손종호,kimberly@outlook.com,010-5890-3084
user4228,Paul5922,주창보,paul@outlook.com,010-6389-6851
user7088,Angelia4704,조해요,angelia@hotmail.com,010-6439-6243
user2342,Helene2217,제갈백고,helene@outlook.com,010-8432-5297
user4843,Myrtle7357,권채찬,myrtle@icloud.com,010-5306-6871
user8565,Roberto4948,허택상,roberto@yahoo.com,010-2548-4897
user6899,Beverly8878,서민재,beverly@yahoo.com,010-7628-4971
user2944,Angela6007,제갈엄상,angela@hotmail.com,010-7183-0214
user2583,Phyllis9717,고만정,phyllis@outlook.com,010-5160-5487
user1928,Melvin1107,김해철,melvin@gmail.com,010-9730-7031
user4706,Shana1713,오문고,shana@outlook.com,010-4720-8421
user1365,Fred4522,조예형,fred@icloud.com,010-4769-7843
user9668,Charles6576,선우사요,charles@hotmail.com,010-5924-9216
user2614,Keith3496,양현준,keith@icloud.com,010-0743-1934
user7209,Lewis8157,장혜옥,lewis@yahoo.com,010-1926-5280
user9903,Albert3519,제갈선오,albert@icloud.com,010-8369-8972
user2764,Glen1691,정민명,glen@gmail.com,010-5418-9031
user2957,Leonard9340,권강명,leonard@yahoo.com,010-9607-2741
user7262,Linda4251,문보다,linda@icloud.com,010-8193-6238
user6829,Crystal6905,권해혁,crystal@outlook.com,010-3069-5639
user3215,Edwardo7346,조치동,edwardo@gmail.com,010-1957-6108
user4959,Christopher5532,배선호,christopher@yahoo.com,010-7168-0182
user5454,Kenneth3550,윤라선,kenneth@gmail.com,010-7620-4876
user3062,Bertie8538,허오자,bertie@icloud.com,010-2348-9731
user4395,Lewis3309,류무천,lewis@outlook.com,010-3942-6034
user5761,Nigel2819,한래백,nigel@outlook.com,010-6904-3925
user3309,Katie8969,한예아,katie@yahoo.com,010-4196-7549
user6263,Evelyn8293,장동문,evelyn@gmail.com,010-5741-1690
user1569,Sarah4775,문호옥,sarah@hotmail.com,010-7592-8571
user2908,Marsha2534,김동창,marsha@gmail.com,010-3789-0241
user2232,Annette9617,임대남,annette@outlook.com,010-7031-1083
user7641,Mike2607,송요명,mike@gmail.com,010-3517-1807
user5181,Anne7479,배민보,anne@icloud.com,010-5021-1907
user9135,Evan3806,한빛나,evan@gmail.com,010-5296-5238
user6098,Denise5463,배복새,denise@hotmail.com,010-2715-8649
user4672,April5001,양혜오,april@outlook.com,010-4789-2047
user1746,April2770,송누래,april@icloud.com,010-7495-4529
user2356,Adria5098,허종택,adria@outlook.com,010-5820-2814
user5314,Jose9957,한초관,jose@outlook.com,010-5721-7512
user5360,Iris1390,홍복로,iris@outlook.com,010-7169-0541
user1595,Howard1992,서도자,howard@outlook.com,010-8571-1264
user6367,Virginia2293,황안찬,virginia@icloud.com,010-9473-5479
user2262,Kelly4405,남궁건노,kelly@outlook.com,010-8013-7925
user7598,Susan1901,안자요,susan@icloud.com,010-8234-0928
user9316,Alvaro2592,배민석,alvaro@icloud.com,010-5817-7521
user5329,George4292,백명별,george@icloud.com,010-3867-5612
user9707,Perry4238,정태담,perry@outlook.com,010-4215-5194
user9361,Johnnie1978,황건초,johnnie@outlook.com,010-6109-0834
user3335,Matthew2038,노천탐,matthew@yahoo.com,010-4280-0295
user6142,Samuel8346,조다옥,samuel@yahoo.com,010-4251-4768
user3611,Marybeth5930,주병한,marybeth@hotmail.com,010-9730-7695
user2400,Kelley6106,한도건,kelley@gmail.com,010-1493-6912
user8331,Harold9911,허형건,harold@gmail.com,010-5910-5182
user8061,Erika2539,문형산,erika@gmail.com,010-5372-7645
user6197,Douglas7857,성보완,douglas@icloud.com,010-7643-4085
user9519,Concepcion8305,황하병,concepcion@gmail.com,010-2168-5463
user4547,Jimmy3824,황보오담,jimmy@hotmail.com,010-9453-6751
user6348,Sarah1851,정혜천,sarah@yahoo.com,010-0261-3957
user9169,Kevin3291,송동옥,kevin@outlook.com,010-9674-0937
user3766,Rafael9468,제갈강별,rafael@icloud.com,010-8956-9240
user6487,Cindy1805,성재형,cindy@gmail.com,010-7201-0748
user5552,Thelma2960,최주루,thelma@icloud.com,010-2019-2954
user7692,Carolyn3339,황보조미,carolyn@yahoo.com,010-8162-6981
user5325,Yu7863,성새엄,yu@yahoo.com,010-8617-1096
user1481,Adriane6488,문혜예,adriane@gmail.com,010-3826-4031
user9249,Jordan5546,안지만,jordan@gmail.com,010-6289-2891
user8894,Ione7681,전복명,ione@hotmail.com,010-4380-0284
user9104,Kyle2233,황문선,kyle@yahoo.com,010-7864-4978
user7883,Marvin8140,김천춘,marvin@icloud.com,010-3164-9864
user7765,Herbert2717,양엄사,herbert@yahoo.com,010-7493-3127
user7365,Patrick9608,남궁혜현,patrick@outlook.com,010-5098-2384
user5795,Michelle5783,제갈조민,michelle@yahoo.com,010-5476-4628
user8324,Ruby6540,조현로,ruby@icloud.com,010-2109-1690
user3144,Jessie2903,안엄마,jessie@yahoo.com,010-1924-8631
user6698,Rosemary9214,독고백빛,rosemary@outlook.com,010-0613-5740
user8111,Sergio7239,최복종,sergio@outlook.com,010-1904-1752
user4975,Jennifer8927,서문다병,jennifer@hotmail.com,010-8029-6475
user4441,Loretta7678,신관장,loretta@outlook.com,010-6741-6754
user6549,Jeffrey1049,한마고,jeffrey@icloud.com,010-4230-4056
user6231,Benjamin1849,손미병,benjamin@hotmail.com,010-0263-6314
user3257,Kimberly2500,최채태,kimberly@icloud.com,010-1204-8153
user3708,Megan7787,고조만,megan@icloud.com,010-9865-3674
user3389,Janie5885,양병전,janie@outlook.com,010-3024-7936
user7578,Thomas3297,배찬사,thomas@gmail.com,010-3871-6895
user9301,Nathan9929,황아선,nathan@icloud.com,010-6378-4538
user4050,Tammy4823,우아덕,tammy@outlook.com,010-1324-9203
user5440,Steven8173,조정누,steven@icloud.com,010-7065-5204
user6552,Gertrude8252,안민천,gertrude@hotmail.com,010-7850-4265
user3531,Seymour5477,장전라,seymour@hotmail.com,010-7360-7498
user3643,Gregory9944,박범빛,gregory@yahoo.com,010-4510-9632
user8054,Raymond9714,황조안,raymond@yahoo.com,010-3412-9345
user3339,Lois2550,조종빛,lois@hotmail.com,010-0681-1570
user3936,Darren4703,독고지하,darren@yahoo.com,010-4650-6805
user2186,Shannon9942,우상대,shannon@outlook.com,010-5721-3870
user1235,Gary2606,차석영,gary@icloud.com,010-7430-7598
user3474,Jill2107,노미로,jill@icloud.com,010-1243-9281
user7047,Lillian5795,유래요,lillian@gmail.com,010-2709-5896
user9505,Phyllis7049,문천선,phyllis@hotmail.com,010-0481-7563
user5021,Marie3198,송도백,marie@icloud.com,010-0379-7285
user9227,Valerie3322,강아산,valerie@icloud.com,010-9748-1563
user2732,Melissa9656,제갈상선,melissa@gmail.com,010-0358-6173
user4185,Irene6384,서문덕,irene@gmail.com,010-8937-5817
user9348,Debra6722,권병창,debra@yahoo.com,010-2150-3694
user2889,Issac4786,송관엄,issac@yahoo.com,010-9056-7598
user8976,John5309,조조미,john@gmail.com,010-7269-1973
user1913,Jeana5134,사공나지,jeana@yahoo.com,010-1769-4581
user2211,Charles7898,서문창도,charles@outlook.com,010-9765-6025
user2606,Josephine4112,남궁초천,josephine@gmail.com,010-7524-2785
user8857,Jasper9427,허보래,jasper@outlook.com,010-2651-1957
user2645,Sherrie9624,우철서,sherrie@hotmail.com,010-0395-6359
user3081,Elaine7944,서문노택,elaine@gmail.com,010-2608-7412
user1431,Viola3952,황보완현,viola@icloud.com,010-5096-7602
user5461,Katherine5473,정빛조,katherine@icloud.com,010-9625-9823
user8698,Karen3646,류애준,karen@hotmail.com,010-7451-8315
user7577,Wendi8982,심상석,wendi@yahoo.com,010-4750-9568
user7900,Alison1407,남궁마담,alison@icloud.com,010-5698-1862
user7993,Elaine6177,박새완,elaine@yahoo.com,010-9136-7061
user8124,Ina7761,독고미마,ina@outlook.com,010-1406-2013
user6070,Jaime5224,배단주,jaime@icloud.com,010-5763-3820
user5774,Bernice3760,선우누미,bernice@icloud.com,010-3842-7314
user4216,Nellie7238,조혁새,nellie@icloud.com,010-4278-1740
user3627,Randolph8547,조경라,randolph@outlook.com,010-1360-2036
user6583,Chantel8690,독고다조,chantel@hotmail.com,010-0283-0864
user3673,Shari8796,남궁완안,shari@hotmail.com,010-2347-0784
user7827,Harold6232,황보혁만,harold@yahoo.com,010-6807-7521
user5812,Kevin2392,남궁선만,kevin@icloud.com,010-9473-5980
user1699,Rosalinda4124,최한아,rosalinda@hotmail.com,010-1072-4081
user4827,Eli1279,신예지,eli@hotmail.com,010-9187-5162
user7443,Patricia4133,제갈채석,patricia@gmail.com,010-2719-8547
user9841,Lashanda9285,정완형,lashanda@yahoo.com,010-9328-4152
user2574,Miguel1050,황보동건,miguel@icloud.com,010-9710-5317
user4932,Andrew4989,양도범,andrew@hotmail.com,010-8495-6923
user6539,Joe3225,유사자,joe@hotmail.com,010-0856-8276
user6512,Henry2951,고사서,henry@hotmail.com,010-4291-5496
user9373,Angela8343,조만보,angela@yahoo.com,010-2958-0759
user3227,Cassandra1817,권형강,cassandra@icloud.com,010-4198-1056
user3305,Francis7027,서호미,francis@hotmail.com,010-9084-8371
user5219,Lala8908,유보완,lala@hotmail.com,010-4368-0843
user5691,Jennifer7468,제갈별복,jennifer@yahoo.com,010-1247-1052
user6025,Derek9194,곽태호,derek@yahoo.com,010-8970-6758
user6259,Ruben6095,한형건,ruben@outlook.com,010-7928-4132
user9484,Keith6291,남궁탐치,keith@outlook.com,010-9627-4591
user2742,Ashley8313,송조미,ashley@gmail.com,010-0314-3254
user8477,Roger2197,김혁노,roger@hotmail.com,010-3479-0672
user3274,Linda2110,곽하보,linda@yahoo.com,010-1536-0917
user8234,Ella3937,안복동,ella@icloud.com,010-3217-1205
user2327,Ronald8736,문미치,ronald@yahoo.com,010-8503-1724
user3688,Megan2379,임석완,megan@gmail.com,010-3809-6107
user8866,Timothy6985,남궁경단,timothy@icloud.com,010-4586-0319
user5805,Rhonda3179,고호경,rhonda@outlook.com,010-0852-6203
user8258,Joan5707,류철찬,joan@gmail.com,010-3974-9756
user5331,Jason9142,문선루,jason@outlook.com,010-5789-1820
user6352,Sylvester4400,서문보춘,sylvester@hotmail.com,010-3568-6014
user9506,Vicki8717,안택래,vicki@icloud.com,010-3528-7941
user6044,Chad7233,임한해,chad@hotmail.com,010-9046-8207
user1286,Everett6019,권혜엄,everett@hotmail.com,010-2538-5197
user7766,Joyce7668,심관오,joyce@hotmail.com,010-7964-5183
user5016,Irvin2585,정미천,irvin@gmail.com,010-4961-7813
user2963,Jessica3544,차호안,jessica@gmail.com,010-1520-9480
user7701,Andrea1242,임형한,andrea@yahoo.com,010-2609-2375
user7569,Darrell4934,전무남,darrell@gmail.com,010-0784-5793
user5687,Tammy7104,오서춘,tammy@gmail.com,010-7648-7239
user4994,Tamika5756,김서치,tamika@outlook.com,010-2814-9285
user6006,Mary1764,송명빛,mary@hotmail.com,010-1839-9573
user4234,Hung5323,황혜지,hung@hotmail.com,010-4123-9453
user4673,Ellen6732,한치채,ellen@outlook.com,010-0682-2379
user8236,Lucille9939,박조애,lucille@outlook.com,010-3028-4068
user5168,Judy5781,하미덕,judy@gmail.com,010-0781-8423
user3524,Timothy3508,곽옥루,timothy@yahoo.com,010-2495-4853
user8539,Chad1393,심요복,chad@gmail.com,010-2571-2930
user2349,Tina1710,신춘초,tina@outlook.com,010-0875-6023
user7181,Christopher9870,신남사,christopher@outlook.com,010-5418-1798
user9565,Marcella3178,성엄대,marcella@yahoo.com,010-0463-7830
user6341,Cathleen9437,우별건,cathleen@outlook.com,010-3214-8043
user1752,Billy9428,조관천,billy@yahoo.com,010-5794-6751
user2438,Michele7579,홍채자,michele@hotmail.com,010-6814-0479
user8720,Rebecca3544,문도지,rebecca@outlook.com,010-6589-6527
user7974,Woodrow7419,류정조,woodrow@hotmail.com,010-3790-4370
user4348,Alejandro3748,백탐고,alejandro@yahoo.com,010-7925-0394
user1445,Clark4744,박하재,clark@outlook.com,010-4510-6305
user3639,Willene9696,노무서,willene@icloud.com,010-1290-9743
user6522,Casey2110,주혁새,casey@yahoo.com,010-4578-3459
user8579,Jesse3073,김조담,jesse@hotmail.com,010-0695-6098
user5297,Shelby9345,송석선,shelby@outlook.com,010-8371-5216
user1267,Susan1884,문문래,susan@outlook.com,010-2485-2970
user9493,Curtis9157,우찬재,curtis@yahoo.com,010-4372-8537
user4178,Clementina9606,장새안,clementina@yahoo.com,010-9674-9038
user8871,Grace1096,독고애경,grace@yahoo.com,010-0912-3140
user6092,Sandra3678,유해새,sandra@hotmail.com,010-0489-7582
user7091,Francisco9392,주덕남,francisco@outlook.com,010-5624-8496
user7399,Joanne9670,하노석,joanne@icloud.com,010-7605-5280
user4410,Betty8880,유마미,betty@hotmail.com,010-2498-5784
user6600,Ernest1823,박경사,ernest@icloud.com,010-2639-9701
user5930,Omer5653,서아현,omer@yahoo.com,010-9785-2374
user2107,Larry4971,김한고,larry@outlook.com,010-4286-4195
user9603,Blanca8870,전민빛,blanca@outlook.com,010-5932-1902
user6659,Mia9789,김치아,mia@outlook.com,010-9720-9502
user3608,Chrystal9797,오종창,chrystal@hotmail.com,010-9035-1984
user9675,Maria7385,우마백,maria@yahoo.com,010-8067-2914
user2748,Heidi3720,조사건,heidi@icloud.com,010-4031-1703
user6861,Tammy6240,권예보,tammy@icloud.com,010-0815-6917
user8315,Jimmie2790,황전창,jimmie@yahoo.com,010-5461-9820
user5437,Leanne7260,백강채,leanne@gmail.com,010-0613-5146
user8521,Jessie1354,남궁안나,jessie@icloud.com,010-0957-4759
user4746,Felicia5829,윤재택,felicia@yahoo.com,010-7286-9748
user2981,Eloise2221,유창건,eloise@gmail.com,010-9604-6283
user4322,Luisa8684,윤형백,luisa@yahoo.com,010-8976-3962
user5539,Karan7698,홍단석,karan@hotmail.com,010-7025-7615
user6910,Henry4486,최미강,henry@outlook.com,010-4951-6175
user8256,Martin6531,윤예상,martin@outlook.com,010-2841-6231
user2341,Thomas7633,이덕해,thomas@icloud.com,010-8376-7810
user2941,Zula1286,송담보,zula@yahoo.com,010-8961-5469
user5273,Katheryn5340,안만고,katheryn@gmail.com,010-3287-7085
user9998,Alfredo4401,고택예,alfredo@yahoo.com,010-4753-9236
user8624,Paul6858,고단오,paul@yahoo.com,010-7915-5127
user1225,Jennie7734,송호대,jennie@hotmail.com,010-4208-1753
user1674,Matthew6351,강나건,matthew@icloud.com,010-6180-6950
user1842,Sadie6180,우혜도,sadie@yahoo.com,010-8617-4839
user7307,Marie1065,주옥미,marie@outlook.com,010-0315-9754
user3481,Nancy3965,우담사,nancy@icloud.com,010-4725-5169
user9623,Amanda5079,윤천현,amanda@yahoo.com,010-9571-6701
user8516,Larry4491,박석경,larry@yahoo.com,010-5693-5329
user2671,Eleanor8121,차경주,eleanor@hotmail.com,010-1583-3612
user8436,Jason8007,차산마,jason@yahoo.com,010-0894-4981
user7222,Heather7926,차아종,heather@outlook.com,010-3897-4752
user5172,Mary8569,오문창,mary@yahoo.com,010-4786-7618
user4381,Brian3169,장동태,brian@yahoo.com,010-0324-9386
user3945,Alan8441,황보노민,alan@gmail.com,010-2610-5362
user3774,Marvin6656,양현택,marvin@gmail.com,010-5169-4025
user4743,Lora7442,차오담,lora@icloud.com,010-7283-9347
user8187,Marion7018,독고노별,marion@yahoo.com,010-9306-1847
user4377,Chasity1463,윤호산,chasity@icloud.com,010-5067-4271
user2760,Justin8168,손다문,justin@yahoo.com,010-6519-7981
user3087,Barry7816,한빛범,barry@yahoo.com,010-6490-4987
user7783,Kelsey2621,유다로,kelsey@outlook.com,010-7042-0128
user5139,Maud1554,차천도,maud@icloud.com,010-6830-1438
user8504,Pamela8511,손안고,pamela@gmail.com,010-6594-0948
user1511,Martin5162,독고대동,martin@icloud.com,010-6370-9185
user8108,Barbara8341,강무옥,barbara@gmail.com,010-3285-6817
user3344,Cameron9784,이별경,cameron@outlook.com,010-0975-3275
user9827,Olivia6280,임택안,olivia@icloud.com,010-0476-6094
user2024,Ashley2033,오자천,ashley@hotmail.com,010-0425-2451
user3156,Jose3377,송동노,jose@icloud.com,010-7450-2693
user1948,Erwin6450,문오미,erwin@gmail.com,010-0647-2670
user7606,Dawn1187,임정라,dawn@hotmail.com,010-9486-9163
user6389,Wm6173,독고대형,wm@outlook.com,010-9143-4752
user1269,Sandra8707,임한경,sandra@yahoo.com,010-6385-2019
user6148,Luvenia1288,심철채,luvenia@icloud.com,010-3652-2614
user7794,Ryan9122,정현엄,ryan@yahoo.com,010-9152-0389
user6486,Simone5059,백다남,simone@outlook.com,010-3527-2405
user9444,Jessica1985,백자철,jessica@outlook.com,010-3285-4957
user1927,Israel9000,곽로천,israel@hotmail.com,010-2684-8426
user4037,Letha4112,독고해산,letha@outlook.com,010-9623-9850
user8079,April5332,남궁혁애,april@gmail.com,010-1354-8053
user8123,Clara4716,김단영,clara@icloud.com,010-5041-2680
user4797,Rodney2430,안재동,rodney@hotmail.com,010-3856-3754
user7735,Dawn3271,김나대,dawn@outlook.com,010-9012-2905
user8792,Leigh8214,박혁담,leigh@hotmail.com,010-7815-4786
user9788,Zachary2086,황보루나,zachary@gmail.com,010-8507-4728
user7275,Alan2241,곽새준,alan@icloud.com,010-1623-0489
user5337,Daniel2907,백초전,daniel@hotmail.com,010-1692-2165
user3146,Sofia5296,이하서,sofia@hotmail.com,010-6083-6354
user2456,Luigi8173,심단춘,luigi@yahoo.com,010-2036-7165
user9797,Gary7563,제갈별병,gary@outlook.com,010-0236-8692
user5428,Laurie8173,정누조,laurie@icloud.com,010-4019-3185
user2969,Denise7866,선우춘담,denise@icloud.com,010-6214-5876
user9131,Brandon9273,조아건,brandon@outlook.com,010-3428-7491
user7634,Zachery6635,남문찬,zachery@outlook.com,010-5298-2183
user1295,Luke4605,주채주,luke@gmail.com,010-8920-0218
user8989,Blake2574,백한혜,blake@hotmail.com,010-8932-1872
user9445,Frank5716,홍빛예,frank@icloud.com,010-0672-0714
user2536,Leslie8889,안혁고,leslie@hotmail.com,010-6251-6214
user8310,Raymundo5794,배탐래,raymundo@yahoo.com,010-9581-2517
user8393,Veronica7778,선우종혁,veronica@icloud.com,010-6105-3687
user8122,Cynthia9583,조민안,cynthia@outlook.com,010-4326-7085
user7888,Nina2752,성요재,nina@outlook.com,010-6892-2874
user8775,Lela4289,차민석,lela@outlook.com,010-7349-6149
user3363,Jasmine2450,송예백,jasmine@outlook.com,010-9163-6845
user4246,Gladis6375,백관지,gladis@gmail.com,010-9807-9428
user2866,Ann9727,김대관,ann@outlook.com,010-4061-2578
user2319,Deloras3597,황미노,deloras@yahoo.com,010-9136-8342
user6495,Maria1976,윤창요,maria@gmail.com,010-5721-8026
user6811,Craig5382,류천탐,craig@icloud.com,010-1367-9657
user7292,Elizabeth7342,윤루엄,elizabeth@hotmail.com,010-3194-5827
user7397,Anthony9043,허보산,anthony@yahoo.com,010-7902-1092
user2259,Mindy1764,홍덕무,mindy@hotmail.com,010-0952-2867
user4491,Pauline5807,이애조,pauline@hotmail.com,010-1654-8941
user2986,Louise4632,손치천,louise@outlook.com,010-1259-5374
user6985,Jana7641,선우채형,jana@gmail.com,010-9307-4327
user7799,Brian7542,윤한현,brian@hotmail.com,010-1840-0613
user8883,Delia6141,정재건,delia@gmail.com,010-2934-0832
user5771,Shaun7177,남궁민병,shaun@icloud.com,010-0376-3752
user5736,Carol2744,유누강,carol@outlook.com,010-6253-8140
user4365,Marissa8571,서문무로,marissa@gmail.com,010-7039-9475
user9483,Tyrone4041,남궁혁조,tyrone@outlook.com,010-2396-5694
user4494,Roy9943,남애주,roy@icloud.com,010-1958-5961
user3379,Bernita9026,노철주,bernita@hotmail.com,010-4125-7412
user5849,Moshe5782,이보치,moshe@outlook.com,010-5431-7960
user4124,Linda7046,조나노,linda@hotmail.com,010-6418-5348
user8007,Candace2309,박예서,candace@hotmail.com,010-3164-5894
user1363,Tarsha5384,양오문,tarsha@icloud.com,010-3067-6840
user8687,Gloria1676,황보현명,gloria@yahoo.com,010-0264-4682
user4425,Alexander7217,안민장,alexander@gmail.com,010-2931-5128
user3491,Frank6583,강도강,frank@outlook.com,010-3274-0951
user6963,June8324,심나채,june@yahoo.com,010-7546-1843
user9403,Tonita2647,문춘단,tonita@gmail.com,010-7890-7481
user6717,Phillip2104,유아요,phillip@hotmail.com,010-2340-2598
user3228,Nathan1090,백덕애,nathan@outlook.com,010-4391-3497
user4104,Marsha9611,황보옥채,marsha@hotmail.com,010-3817-7342
user5205,Tiffany8349,양라사,tiffany@hotmail.com,010-6738-9316
user6649,Dorothy6663,김엄병,dorothy@icloud.com,010-0243-8362
user6094,Shirly9595,신한주,shirly@gmail.com,010-1627-5614
user9162,Brenda1506,정예치,brenda@outlook.com,010-5798-0675
user3216,Emma5521,심빛사,emma@hotmail.com,010-1832-1593
user1846,Gabriella2890,독고아단,gabriella@gmail.com,010-8950-1679
user1933,Clarence7806,양문만,clarence@icloud.com,010-8729-2915
user7394,Shannon9691,허장옥,shannon@hotmail.com,010-6230-2594
user5414,Afton3654,남궁강찬,afton@outlook.com,010-8610-8726
user5213,Hilda6188,강나새,hilda@yahoo.com,010-2168-6875
user4750,Ira6057,홍애하,ira@icloud.com,010-9836-3807
user5320,Walter9257,차누예,walter@icloud.com,010-4253-1279
user1841,Ruth3753,차미민,ruth@yahoo.com,010-5208-2507
user5750,Crystal1395,유새조,crystal@gmail.com,010-3154-9280
user2325,Brittany7130,차해현,brittany@yahoo.com,010-3145-5907
user6003,Jimmy9536,홍범안,jimmy@outlook.com,010-4315-0273
user5942,Blanca6817,문복옥,blanca@hotmail.com,010-3701-4819
user3070,Geraldine2591,배단준,geraldine@icloud.com,010-8240-2098
user9300,Marvin1087,송누산,marvin@yahoo.com,010-8674-2417
user9599,Dolores4272,곽예완,dolores@yahoo.com,010-3061-6329
user2077,Bridget1963,손재보,bridget@icloud.com,010-6387-0295
user1705,Melanie1233,신관라,melanie@outlook.com,010-9316-7461
user7130,Lindsey8681,주단만,lindsey@outlook.com,010-7948-5742
user7938,Clarence2840,최석치,clarence@outlook.com,010-0854-1276
user8840,Cathy8035,정병명,cathy@hotmail.com,010-2307-8351
user1902,Corey1384,독고별혜,corey@icloud.com,010-9318-3845
user2512,Christine2367,백천장,christine@hotmail.com,010-7648-5267
user5605,Christian7198,정문태,christian@outlook.com,010-8249-5261
user6051,Lauren4858,이옥경,lauren@icloud.com,010-9651-5814
user1239,Clint6732,사공천미,clint@icloud.com,010-5461-4172
user6082,Nancy3744,황석한,nancy@hotmail.com,010-0781-1740
user5245,Eve2812,노택선,eve@icloud.com,010-2543-3290
user8467,Tamara5930,정보대,tamara@hotmail.com,010-0961-2410
user6039,Melanie8088,노대지,melanie@yahoo.com,010-5712-8462
user1696,Dustin9186,사공요예,dustin@yahoo.com,010-1208-9752
user9742,Jose1210,조건형,jose@hotmail.com,010-1785-2498
user9030,Bertha5656,문혁무,bertha@gmail.com,010-4917-8439
user3218,Eleonore5424,최채무,eleonore@gmail.com,010-8456-8794
user4553,Mattie4792,차민아,mattie@gmail.com,010-3680-4250
user4032,Kate6587,손빛백,kate@icloud.com,010-3468-6750
user5822,Zachary5690,차나호,zachary@outlook.com,010-6381-4183
user2727,Felipe5658,우문지,felipe@gmail.com,010-9150-8762
user1789,Janice5673,권선민,janice@icloud.com,010-6730-2147
user8743,Colette5448,장사애,colette@icloud.com,010-5179-5063
user1275,Cody3889,홍옥단,cody@yahoo.com,010-5843-4731
user1339,Paul9818,박나강,paul@hotmail.com,010-3205-0548
user6056,Eleanor1212,허대창,eleanor@gmail.com,010-1608-7104
user7096,Donna6859,황다담,donna@hotmail.com,010-3259-1870
user6507,Melinda6892,홍정관,melinda@outlook.com,010-8342-8167
user6974,Dwayne9484,주엄영,dwayne@gmail.com,010-2375-9028
user5677,Hollie7695,전노강,hollie@hotmail.com,010-0328-8267
user7117,Rita6913,조강아,rita@hotmail.com,010-5604-8160
user4853,Diane7549,임라탐,diane@yahoo.com,010-0684-4103
user5315,Rose6203,정누대,rose@gmail.com,010-7684-3127
user5870,Jim2051,손관다,jim@outlook.com,010-1950-5316
user5653,Sheila8959,정마종,sheila@hotmail.com,010-6534-0146
user7840,Rodney4864,양새현,rodney@gmail.com,010-9241-3579
user7167,Margery1662,조애무,margery@yahoo.com,010-4138-2147
user2298,Derrick4432,정예채,derrick@outlook.com,010-1029-4726
user9308,Dale9623,박예강,dale@icloud.com,010-8952-3407
user2603,Cristopher1461,전고도,cristopher@hotmail.com,010-5189-0149
user5126,Luis3478,한하강,luis@gmail.com,010-1572-1905
user8555,Diane3993,정민정,diane@icloud.com,010-0965-8019
user8805,Carl1368,정아준,carl@yahoo.com,010-2531-3064
user9542,Nadia5883,곽태선,nadia@hotmail.com,010-1537-2806
user1309,Wesley1908,안하무,wesley@yahoo.com,010-9063-2198
user1176,Joan3635,홍담태,joan@yahoo.com,010-4125-3682
user6202,Lucille7680,손별래,lucille@gmail.com,010-7836-8307
user3269,Joyce8547,사공대영,joyce@gmail.com,010-6243-9375
user7481,Ferne2311,홍조복,ferne@gmail.com,010-7612-0854
user8832,Cory2351,장엄서,cory@icloud.com,010-3204-3675
user2048,Roxanne6627,황보문담,roxanne@hotmail.com,010-1287-1548
user2770,Ted1394,남준엄,ted@hotmail.com,010-5714-7850
